{
  "hash": "3a9c281f",
  "configHash": "98f99f61",
  "lockfileHash": "727b92c3",
  "browserHash": "85fc1217",
  "optimized": {
    "@angular/core": {
      "src": "../../../../../../node_modules/@angular/core/fesm2022/core.mjs",
      "file": "@angular_core.js",
      "fileHash": "545c51e6",
      "needsInterop": false
    },
    "@angular/platform-browser": {
      "src": "../../../../../../node_modules/@angular/platform-browser/fesm2022/platform-browser.mjs",
      "file": "@angular_platform-browser.js",
      "fileHash": "6d5777d5",
      "needsInterop": false
    },
    "@angular/router": {
      "src": "../../../../../../node_modules/@angular/router/fesm2022/router.mjs",
      "file": "@angular_router.js",
      "fileHash": "7be0ea05",
      "needsInterop": false
    },
    "gojs": {
      "src": "../../../../../../node_modules/gojs/release/go-debug.mjs",
      "file": "gojs.js",
      "fileHash": "e6c6d2f5",
      "needsInterop": false
    }
  },
  "chunks": {
    "chunk-XFU3RDAQ": {
      "file": "chunk-XFU3RDAQ.js"
    },
    "chunk-S264YWTD": {
      "file": "chunk-S264YWTD.js"
    },
    "chunk-WDMUDEB6": {
      "file": "chunk-WDMUDEB6.js"
    }
  }
}