{
  "hash": "0955b8c3",
  "configHash": "662b5737",
  "lockfileHash": "727b92c3",
  "browserHash": "70911445",
  "optimized": {
    "@angular/core": {
      "src": "../../../../../../node_modules/@angular/core/fesm2022/core.mjs",
      "file": "@angular_core.js",
      "fileHash": "46d31848",
      "needsInterop": false
    },
    "@angular/forms": {
      "src": "../../../../../../node_modules/@angular/forms/fesm2022/forms.mjs",
      "file": "@angular_forms.js",
      "fileHash": "8446757c",
      "needsInterop": false
    },
    "@angular/platform-browser": {
      "src": "../../../../../../node_modules/@angular/platform-browser/fesm2022/platform-browser.mjs",
      "file": "@angular_platform-browser.js",
      "fileHash": "77bc5a3d",
      "needsInterop": false
    },
    "@angular/router": {
      "src": "../../../../../../node_modules/@angular/router/fesm2022/router.mjs",
      "file": "@angular_router.js",
      "fileHash": "28490d9a",
      "needsInterop": false
    },
    "gojs": {
      "src": "../../../../../../node_modules/gojs/release/go-debug.mjs",
      "file": "gojs.js",
      "fileHash": "0846e9e2",
      "needsInterop": false
    },
    "@angular/common": {
      "src": "../../../../../../node_modules/@angular/common/fesm2022/common.mjs",
      "file": "@angular_common.js",
      "fileHash": "979aec0b",
      "needsInterop": false
    }
  },
  "chunks": {
    "chunk-RYHCMWAN": {
      "file": "chunk-RYHCMWAN.js"
    },
    "chunk-A43XT64C": {
      "file": "chunk-A43XT64C.js"
    },
    "chunk-CBDWDBEY": {
      "file": "chunk-CBDWDBEY.js"
    },
    "chunk-WDMUDEB6": {
      "file": "chunk-WDMUDEB6.js"
    }
  }
}